City_ID,City,Country,Date,Lat,Lng,Max Temp,Humidity,Cloudiness,Wind Speed
0,Hermanus,ZA,2021-01-27 02:48:51,-34.4187,19.2345,289.82,94,76,1.51
1,Carnarvon,AU,2021-01-27 02:44:28,-24.8667,113.6333,298.15,50,40,12.86
2,Inta,RU,2021-01-27 02:48:52,66.0317,60.1659,243.21,83,100,5.66
3,Polonnaruwa,LK,2021-01-27 02:48:52,7.9333,81.0,296.95,77,100,0.64
4,Aksarka,RU,2021-01-27 02:45:23,66.5606,67.7975,236.69,81,0,3.06
5,Vostok,RU,2021-01-27 02:45:35,46.4856,135.8833,258.98,93,99,5.57
6,Nanticoke,US,2021-01-27 02:48:53,41.2054,-76.0049,273.15,93,99,0.45
7,Cape Town,ZA,2021-01-27 02:45:03,-33.9258,18.4232,292.59,82,0,5.66
8,Bethel,US,2021-01-27 02:48:53,41.3712,-73.414,270.93,93,90,2.02
9,Liverpool,GB,2021-01-27 02:48:31,53.4106,-2.9779,282.15,93,75,5.14
10,Makakilo City,US,2021-01-27 02:48:54,21.3469,-158.0858,300.15,54,1,4.63
11,Cherskiy,RU,2021-01-27 02:48:54,68.75,161.3,237.11,81,100,1.08
12,Belmonte,BR,2021-01-27 02:48:54,-15.8631,-38.8828,299.15,69,20,4.12
13,Arona,ES,2021-01-27 02:48:54,28.0996,-16.681,290.15,77,20,1.54
14,New Norfolk,AU,2021-01-27 02:44:16,-42.7826,147.0587,289.82,45,99,0.89
15,Korla,CN,2021-01-27 02:46:20,41.7597,86.1469,268.67,78,0,0.82
16,Alice Springs,AU,2021-01-27 02:46:54,-23.7,133.8833,307.04,54,75,4.63
17,Tuatapere,NZ,2021-01-27 02:48:55,-46.1333,167.6833,292.59,77,89,4.92
18,Punta Arenas,CL,2021-01-27 02:48:56,-53.15,-70.9167,279.15,65,75,7.2
19,Butaritari,KI,2021-01-27 02:48:56,3.0707,172.7902,300.57,75,3,4.2
20,Puerto Ayora,EC,2021-01-27 02:48:56,-0.7393,-90.3518,297.59,95,38,2.68
21,Opuwo,NA,2021-01-27 02:48:56,-18.0607,13.84,292.4,73,99,0.18
22,Kodiak,US,2021-01-27 02:44:48,57.79,-152.4072,276.15,48,1,5.14
23,Albany,US,2021-01-27 02:48:15,42.6001,-73.9662,270.37,76,100,2.84
24,Wajir,KE,2021-01-27 02:48:57,1.7471,40.0573,295.64,76,13,5.08
25,Walvis Bay,NA,2021-01-27 02:48:57,-22.9575,14.5053,293.15,88,16,1.54
26,Mukhen,RU,2021-01-27 02:48:57,48.1,136.1,257.64,91,100,2.49
27,Razole,IN,2021-01-27 02:48:57,16.4833,81.8333,295.15,83,20,2.57
28,Tiksi,RU,2021-01-27 02:45:20,71.6872,128.8694,234.62,83,100,1.47
29,Lavrentiya,RU,2021-01-27 02:44:25,65.5833,-171.0,252.58,87,72,1.81
30,Jamestown,US,2021-01-27 02:45:34,42.097,-79.2353,272.59,93,90,4.43
31,Sicamous,CA,2021-01-27 02:45:11,50.8331,-118.9856,272.15,80,63,1.81
32,Mataura,NZ,2021-01-27 02:48:59,-46.1927,168.8643,292.59,77,95,4.92
33,Dikson,RU,2021-01-27 02:48:59,73.5069,80.5464,242.66,84,100,3.31
34,Lazarev,RU,2021-01-27 02:48:59,52.225,141.5131,256.35,93,100,6.12
35,Snasa,NO,2021-01-27 02:48:59,64.2457,12.3778,268.75,95,100,1.78
36,Olafsvik,IS,2021-01-27 02:49:00,64.8945,-23.7142,270.47,89,100,9.41
37,Clyde River,CA,2021-01-27 02:49:00,70.4692,-68.5914,257.15,78,1,11.32
38,Barrow,US,2021-01-27 02:47:46,71.2906,-156.7887,245.15,69,1,3.09
39,Santana,BR,2021-01-27 02:49:00,-0.0583,-51.1817,297.15,100,40,1.03
40,Axim,GH,2021-01-27 02:49:01,4.8699,-2.2405,298.48,88,79,2.23
41,Saskylakh,RU,2021-01-27 02:49:01,71.9167,114.0833,235.61,82,40,0.95
42,Presidencia Roque Saenz Pena,AR,2021-01-27 02:49:01,-26.7852,-60.4388,298.71,91,0,0.89
43,Mwense,ZM,2021-01-27 02:49:01,-10.3845,28.698,291.95,93,100,0.9
44,Torbay,CA,2021-01-27 02:49:02,47.6666,-52.7314,273.71,93,90,8.23
45,Iqaluit,CA,2021-01-27 02:49:02,63.7506,-68.5145,252.59,77,1,2.57
46,Kapaa,US,2021-01-27 02:49:02,22.0752,-159.319,297.59,83,90,6.17
47,Caravelas,BR,2021-01-27 02:47:13,-17.7125,-39.2481,296.49,87,52,1.83
48,Charters Towers,AU,2021-01-27 02:49:02,-20.1,146.2667,305.83,40,12,5.45
49,Ushuaia,AR,2021-01-27 02:49:03,-54.8,-68.3,277.15,87,75,10.8
50,Rikitea,PF,2021-01-27 02:47:14,-23.1203,-134.9692,299.93,74,10,4.65
51,Chuy,UY,2021-01-27 02:49:03,-33.6971,-53.4616,295.71,92,100,2.82
52,Saint-Pierre,RE,2021-01-27 02:49:03,-21.3393,55.4781,298.15,53,0,4.63
53,Lata,PT,2021-01-27 02:49:04,40.1629,-8.3327,287.59,96,92,0.83
54,Coro,VE,2021-01-27 02:49:04,11.4045,-69.6734,297.09,81,20,6.47
55,Lompoc,US,2021-01-27 02:48:34,34.6391,-120.4579,283.15,62,90,1.86
56,Qaanaaq,GL,2021-01-27 02:49:04,77.484,-69.3632,246.41,63,0,3.05
57,Provideniya,RU,2021-01-27 02:44:10,64.3833,-173.3,260.15,72,90,5.0
58,Portoferraio,IT,2021-01-27 02:49:05,42.8115,10.3146,272.15,93,20,2.57
59,Basco,PH,2021-01-27 02:49:05,20.4487,121.9702,295.76,72,0,7.7
60,Tasiilaq,GL,2021-01-27 02:49:06,65.6145,-37.6368,261.29,94,100,5.85
61,Taksimo,RU,2021-01-27 02:49:06,56.3444,114.8794,246.96,79,100,1.29
62,Georgetown,MY,2021-01-27 02:49:06,5.4112,100.3354,303.15,78,20,1.54
63,Quarai,BR,2021-01-27 02:45:29,-30.3875,-56.4514,295.98,92,100,3.53
64,Yangambi,CD,2021-01-27 02:49:06,0.8102,24.4336,294.24,97,100,1.22
65,Owando,CG,2021-01-27 02:45:05,-0.4819,15.8999,294.84,94,64,1.85
66,Hasaki,JP,2021-01-27 02:49:07,35.7333,140.8333,283.15,93,75,2.57
67,Paamiut,GL,2021-01-27 02:49:07,61.994,-49.6678,263.52,79,0,3.97
68,Banda Aceh,ID,2021-01-27 02:49:07,5.5577,95.3222,301.33,67,77,2.78
69,Castro,BR,2021-01-27 02:49:08,-24.7911,-50.0119,291.11,94,100,1.65
70,Broome,US,2021-01-27 02:44:27,42.2506,-75.833,272.04,93,90,3.6
71,El Alto,PE,2021-01-27 02:49:08,-4.2714,-81.2147,296.84,72,79,6.44
72,Atuona,PF,2021-01-27 02:49:08,-9.8,-139.0333,298.94,79,3,8.15
73,Hualmay,PE,2021-01-27 02:49:09,-11.0964,-77.6139,294.83,80,100,4.87
74,Bluff,NZ,2021-01-27 02:49:09,-46.6,168.3333,292.59,77,100,4.92
75,Siniscola,IT,2021-01-27 02:49:09,40.5719,9.6922,280.15,76,0,5.14
76,Sitka,US,2021-01-27 02:44:22,57.0531,-135.33,273.15,51,40,3.6
77,Mar Del Plata,AR,2021-01-27 02:49:10,-38.0023,-57.5575,294.15,94,75,2.06
78,Nanortalik,GL,2021-01-27 02:49:10,60.1432,-45.2371,263.73,82,0,2.7
79,Luderitz,NA,2021-01-27 02:45:21,-26.6481,15.1594,291.36,68,7,11.41
80,Vaini,TO,2021-01-27 02:49:10,-21.2,-175.2,300.15,83,75,4.12
81,Andenes,NO,2021-01-27 02:49:11,69.3143,16.1194,270.15,74,69,4.63
82,Hithadhoo,MV,2021-01-27 02:49:11,-0.6,73.0833,300.46,77,87,5.82
83,Tiruvannamalai,IN,2021-01-27 02:49:11,12.2167,79.0667,295.15,75,1,1.84
84,Nioki,CD,2021-01-27 02:49:12,-2.7167,17.6833,294.76,98,80,1.2
85,Pattaya,TH,2021-01-27 02:48:04,12.9333,100.8833,305.37,65,24,1.93
86,Emba,KZ,2021-01-27 02:49:12,48.8264,58.1442,263.62,95,0,3.0
87,Constitucion,CL,2021-01-27 02:49:12,-35.3333,-72.4167,285.24,80,0,3.91
88,Goderich,CA,2021-01-27 02:45:41,43.7501,-81.7165,269.15,86,91,3.09
89,Vila Velha,BR,2021-01-27 02:49:13,-20.3297,-40.2925,298.15,83,0,2.06
90,Vanavara,RU,2021-01-27 02:49:13,60.34,102.2797,232.93,80,35,1.09
91,Blyznyuky,UA,2021-01-27 02:49:13,48.8578,36.5551,277.65,94,100,6.01
92,Deniliquin,AU,2021-01-27 02:49:13,-35.5333,144.9667,299.26,40,0,0.45
93,Sao Felix Do Xingu,BR,2021-01-27 02:49:14,-6.6447,-51.995,296.11,95,100,0.52
94,Hovd,MN,2021-01-27 02:49:14,48.0056,91.6419,255.19,75,0,0.56
95,Wuwei,CN,2021-01-27 02:49:14,37.9281,102.6414,269.44,74,37,1.17
96,Mayumba,GA,2021-01-27 02:49:15,-3.432,10.6554,298.25,87,96,2.31
97,Chapais,CA,2021-01-27 02:45:52,49.7834,-74.8492,264.15,86,90,1.54
98,Bambous Virieux,MU,2021-01-27 02:49:16,-20.3428,57.7575,299.82,88,20,3.6
99,Yellowknife,CA,2021-01-27 02:49:16,62.456,-114.3525,249.82,70,75,3.6
100,Vila Franca Do Campo,PT,2021-01-27 02:49:16,37.7167,-25.4333,290.37,94,75,9.77
101,Nikolskoye,RU,2021-01-27 02:49:16,59.7035,30.7861,274.26,93,90,3.0
102,Brighton,GB,2021-01-27 02:37:47,50.8284,-0.1395,280.93,100,100,3.58
103,Varhaug,NO,2021-01-27 02:49:17,58.6147,5.6457,268.71,93,16,1.03
104,Tsiroanomandidy,MG,2021-01-27 02:49:17,-18.7667,46.0333,292.64,92,96,0.05
105,Ulaanbaatar,MN,2021-01-27 02:49:17,47.9077,106.8832,242.15,69,75,1.0
106,Thompson,CA,2021-01-27 02:49:18,55.7435,-97.8558,247.15,76,90,1.65
107,Hilo,US,2021-01-27 02:49:18,19.7297,-155.09,299.15,65,40,3.6
108,Tarauaca,BR,2021-01-27 02:47:56,-8.1614,-70.7656,296.03,94,100,0.69
109,Port Alfred,ZA,2021-01-27 02:49:18,-33.5906,26.891,292.59,95,100,2.86
110,Quang Ngai,VN,2021-01-27 02:49:18,15.1167,108.8,297.18,75,54,2.11
111,Nelson Bay,AU,2021-01-27 02:49:19,-32.7167,152.15,295.37,94,90,8.23
112,Svetlogorsk,BY,2021-01-27 02:49:19,52.6333,29.7333,272.37,96,99,7.97
113,Khatanga,RU,2021-01-27 02:49:19,71.9667,102.5,241.11,81,34,4.23
114,Lebu,CL,2021-01-27 02:49:19,-37.6167,-73.65,286.63,78,46,7.34
115,Baiquan,CN,2021-01-27 02:49:20,47.5833,126.0833,255.1,81,0,6.72
116,Kruisfontein,ZA,2021-01-27 02:45:15,-34.0033,24.7314,294.26,84,99,3.37
117,Poronaysk,RU,2021-01-27 02:48:13,49.2167,143.1167,260.9,94,100,2.51
118,Mnogovershinnyy,RU,2021-01-27 02:49:20,53.9353,139.9242,250.9,91,100,2.08
119,Ribeira Grande,PT,2021-01-27 02:49:21,38.5167,-28.7,290.12,82,60,14.46
120,Meadow Lake,US,2021-01-27 02:49:21,34.8014,-106.5436,272.59,59,75,4.63
121,Roma,US,2021-01-27 02:49:21,43.2128,-75.4557,270.15,80,90,3.09
122,Airai,TL,2021-01-27 02:45:14,-8.9266,125.4092,296.55,66,96,2.08
123,Shihezi,CN,2021-01-27 02:49:22,44.3,86.0333,258.06,94,97,0.46
124,Athabasca,CA,2021-01-27 02:45:11,54.7169,-113.2854,255.15,71,100,2.57
125,Nkhotakota,MW,2021-01-27 02:49:22,-12.9274,34.2961,295.71,81,100,1.71
126,Yakeshi,CN,2021-01-27 02:49:22,49.2833,120.7333,249.39,88,94,4.08
127,Hobart,AU,2021-01-27 02:45:02,-42.8794,147.3294,289.82,38,75,6.69
128,Cabo San Lucas,MX,2021-01-27 02:49:23,22.8909,-109.9124,289.26,67,100,5.36
129,Voi,KE,2021-01-27 02:49:23,-3.3945,38.563,293.82,88,35,0.71
130,Flin Flon,CA,2021-01-27 02:45:12,54.7682,-101.865,244.94,88,0,0.58
131,Tommot,RU,2021-01-27 02:49:24,58.9564,126.2925,236.77,79,100,2.27
132,Lorengau,PG,2021-01-27 02:45:01,-2.0226,147.2712,302.8,71,100,5.1
133,Moerai,PF,2021-01-27 02:46:13,-22.4333,-151.3333,300.4,75,1,6.04
134,Bakloh,IN,2021-01-27 02:49:24,32.4667,75.9167,279.9,50,0,2.95
135,Norman Wells,CA,2021-01-27 02:49:20,65.282,-126.8329,246.15,76,75,1.03
136,Kalinovskaya,RU,2021-01-27 02:49:25,43.5758,45.5192,269.15,100,90,1.0
137,Tual,ID,2021-01-27 02:49:25,-5.6667,132.75,301.51,79,100,8.15
138,Kangaatsiaq,GL,2021-01-27 02:49:25,68.3065,-53.4641,261.91,94,100,2.8
139,Adrar,MR,2021-01-27 02:45:43,20.5022,-10.0711,291.19,21,0,3.88
140,Grindavik,IS,2021-01-27 02:49:16,63.8424,-22.4338,272.15,55,0,9.77
141,Lipari,IT,2021-01-27 02:49:26,38.4674,14.954,283.71,55,39,1.34
142,Yining,CN,2021-01-27 02:49:26,29.0361,114.5636,280.74,82,100,0.45
143,Pasaje,EC,2021-01-27 02:49:26,-3.3333,-79.8167,298.41,76,100,0.3
144,Santa Isabel,BR,2021-01-27 02:49:27,-23.3156,-46.2214,295.37,88,0,3.09
145,Ancud,CL,2021-01-27 02:49:27,-41.8697,-73.8203,285.15,82,20,3.09
146,Sambava,MG,2021-01-27 02:49:27,-14.2667,50.1667,297.01,87,12,2.07
147,Kamaishi,JP,2021-01-27 02:49:27,39.2667,141.8833,276.15,100,75,2.06
148,Shalya,RU,2021-01-27 02:49:28,57.2471,58.7298,264.13,97,100,3.73
149,Stepnyak,KZ,2021-01-27 02:49:28,52.8339,70.7803,267.2,96,92,6.44
150,Inhambane,MZ,2021-01-27 02:45:45,-23.865,35.3833,298.52,88,84,2.45
151,Novikovo,RU,2021-01-27 02:49:29,51.1537,37.8879,275.38,92,100,4.43
152,Yar-Sale,RU,2021-01-27 02:49:29,66.8333,70.8333,235.97,81,0,5.79
153,Belaya Gora,RU,2021-01-27 02:49:29,68.5333,146.4167,238.99,82,100,1.24
154,Northam,GB,2021-01-27 02:49:29,51.0333,-4.2167,282.04,97,100,3.58
155,East London,ZA,2021-01-27 02:49:30,-33.0153,27.9116,295.58,88,100,3.12
156,Alto Araguaia,BR,2021-01-27 02:49:30,-17.3147,-53.2153,294.22,91,100,1.6
157,Upata,VE,2021-01-27 02:49:30,8.0086,-62.3989,298.15,86,25,1.79
158,Biak,ID,2021-01-27 02:49:30,-0.9131,122.8766,302.99,58,58,2.38
159,College,US,2021-01-27 02:49:31,64.8569,-147.8028,250.37,69,20,0.96
160,Praia,CV,2021-01-27 02:45:53,14.9215,-23.5087,294.15,56,0,5.14
161,Bredasdorp,ZA,2021-01-27 02:49:31,-34.5322,20.0403,291.15,82,15,2.06
162,Roald,NO,2021-01-27 02:46:18,62.5833,6.1333,272.15,93,75,4.12
163,Mitu,CO,2021-01-27 02:49:32,1.1983,-70.1733,295.4,98,97,0.83
164,Gornozavodsk,RU,2021-01-27 02:49:32,58.3758,58.3211,262.8,96,99,3.43
165,Maniitsoq,GL,2021-01-27 02:49:32,65.4167,-52.9,262.89,86,9,3.07
166,Naze,JP,2021-01-27 02:49:14,28.3667,129.4833,290.15,77,75,7.2
167,El Tigre,VE,2021-01-27 02:49:33,8.8875,-64.2454,297.19,72,35,6.57
168,Leningradskiy,RU,2021-01-27 02:49:33,69.3833,178.4167,244.05,86,97,2.21
169,Guerrero Negro,MX,2021-01-27 02:46:12,27.9769,-114.0611,286.7,61,52,4.45
170,Shimoda,JP,2021-01-27 02:44:58,34.6667,138.95,287.15,94,75,3.09
171,Alihe,CN,2021-01-27 02:49:33,50.5667,123.7167,251.99,79,71,3.56
172,Santo Tomas,PH,2021-01-27 02:49:34,14.1079,121.1414,301.15,78,75,1.54
173,Saint Anthony,US,2021-01-27 02:48:29,45.0205,-93.218,264.15,52,1,1.54
174,Kaitangata,NZ,2021-01-27 02:49:08,-46.2817,169.8464,298.15,52,100,0.89
175,Esperance,AU,2021-01-27 02:49:34,-33.8667,121.9,291.15,82,90,8.75
176,Port-Gentil,GA,2021-01-27 02:49:35,-0.7193,8.7815,300.38,80,100,4.59
177,Bay Roberts,CA,2021-01-27 02:49:35,47.5999,-53.2648,274.26,91,100,2.24
178,Fairlie,GB,2021-01-27 02:49:35,55.756,-4.8556,281.15,100,90,0.51
179,Katsuura,JP,2021-01-27 02:49:35,35.1333,140.3,284.82,93,100,1.34
180,Cayenne,GF,2021-01-27 02:49:36,4.9333,-52.3333,298.15,100,75,0.51
181,Monrovia,LR,2021-01-27 02:45:35,6.3005,-10.7969,298.86,85,7,1.99
182,Richards Bay,ZA,2021-01-27 02:45:08,-28.783,32.0377,297.55,90,100,1.45
183,Kirakira,SB,2021-01-27 02:49:36,-10.4544,161.9205,299.93,84,99,6.32
184,Chokurdakh,RU,2021-01-27 02:49:37,70.6333,147.9167,238.6,83,93,3.28
185,Srednekolymsk,RU,2021-01-27 02:49:37,67.45,153.6833,239.16,83,100,4.23
186,Pisco,PE,2021-01-27 02:49:37,-13.7,-76.2167,293.71,87,87,3.58
187,Marzuq,YE,2021-01-27 02:49:24,14.4,46.4667,284.06,42,0,0.95
188,Yerofey Pavlovich,RU,2021-01-27 02:49:37,53.9667,121.9667,245.19,82,100,2.04
189,Albertville,US,2021-01-27 02:49:38,34.2676,-86.2089,287.15,58,1,1.56
190,Avarua,CK,2021-01-27 02:48:19,-21.2078,-159.775,304.15,62,20,6.69
191,Codrington,AU,2021-01-27 02:49:38,-38.2667,141.9667,290.81,58,13,9.05
192,Kindu,CD,2021-01-27 02:49:38,-2.95,25.95,294.42,94,100,1.63
193,Poum,NC,2021-01-27 02:49:39,-20.2333,164.0167,300.69,74,100,5.92
194,Januaria,BR,2021-01-27 02:49:39,-15.4833,-44.3667,295.61,69,7,2.28
195,Fortuna,US,2021-01-27 02:49:39,40.5982,-124.1573,277.04,93,90,8.23
196,Nuuk,GL,2021-01-27 02:49:39,64.1835,-51.7216,263.76,85,1,4.32
197,Saint-Joseph,RE,2021-01-27 02:49:39,-21.3667,55.6167,298.15,53,0,4.63
198,Elko,US,2021-01-27 02:49:40,41.0002,-115.5012,267.04,80,91,1.33
199,Rio Grande,BR,2021-01-27 02:49:40,-32.035,-52.0986,297.04,96,100,2.58
200,Bilibino,RU,2021-01-27 02:49:40,68.0546,166.4372,245.81,83,100,2.48
201,Raboso,MX,2021-01-27 02:45:12,18.5667,-98.45,295.08,41,43,1.62
202,Coihaique,CL,2021-01-27 02:43:49,-45.5752,-72.0662,282.15,87,75,1.54
203,Kavieng,PG,2021-01-27 02:49:41,-2.5744,150.7967,302.37,73,96,4.54
204,Arraial Do Cabo,BR,2021-01-27 02:44:50,-22.9661,-42.0278,298.15,78,0,6.69
205,San Cristobal,VE,2021-01-27 02:49:41,7.7669,-72.225,291.24,79,67,0.94
206,Vestmanna,FO,2021-01-27 02:49:42,62.1564,-7.1664,273.15,86,46,3.6
207,Urubicha,BO,2021-01-27 02:49:42,-15.3833,-62.95,295.57,96,100,0.84
208,Tuktoyaktuk,CA,2021-01-27 02:49:42,69.4541,-133.0374,246.15,83,90,5.66
209,Olga,RU,2021-01-27 02:49:42,43.7444,135.2892,267.67,80,0,7.54
210,Kupang,ID,2021-01-27 02:49:43,-10.1667,123.5833,300.15,94,75,3.09
211,Itoman,JP,2021-01-27 02:49:43,26.1247,127.6694,293.15,73,75,8.23
212,Kidal,ML,2021-01-27 02:49:43,18.4411,1.4078,289.83,24,0,4.0
213,Montepuez,MZ,2021-01-27 02:49:43,-13.1256,38.9997,292.91,99,10,1.4
214,Saurimo,AO,2021-01-27 02:49:43,-9.6608,20.3916,291.51,94,100,0.9
215,Vestmannaeyjar,IS,2021-01-27 02:49:44,63.4427,-20.2734,274.12,85,100,12.2
216,Gobabis,NA,2021-01-27 02:49:44,-22.45,18.9667,293.88,62,64,5.31
217,Tura,IN,2021-01-27 02:49:44,25.5198,90.2201,292.71,47,0,1.32
218,Talnakh,RU,2021-01-27 02:49:44,69.4865,88.3972,244.34,85,100,2.41
219,Marrakesh,MA,2021-01-27 02:49:45,31.6315,-8.0083,286.15,71,0,2.57
220,Topolobampo,MX,2021-01-27 02:49:45,25.6,-109.05,287.04,71,26,1.79
221,Saint-Philippe,RE,2021-01-27 02:49:45,-21.3585,55.7679,298.15,53,0,4.63
222,Ulaangom,MN,2021-01-27 02:49:45,49.9811,92.0667,247.43,80,83,0.3
223,Taltal,CL,2021-01-27 02:49:46,-25.4,-70.4833,292.58,65,0,2.69
224,Sibolga,ID,2021-01-27 02:47:01,1.7427,98.7792,302.75,59,78,0.86
225,Soyo,AO,2021-01-27 02:49:46,-6.1349,12.3689,299.25,81,100,2.79
226,Bozoum,CF,2021-01-27 02:49:46,6.3193,16.3799,294.75,33,95,1.21
227,Jumla,NP,2021-01-27 02:46:05,29.2747,82.1838,279.68,26,0,1.14
228,Upernavik,GL,2021-01-27 02:49:47,72.7868,-56.1549,255.99,88,84,5.21
229,New Waterford,US,2021-01-27 02:49:47,40.8451,-80.6145,274.26,82,100,0.89
230,Faanui,PF,2021-01-27 02:49:47,-16.4833,-151.75,300.65,74,37,6.98
231,Sao Filipe,CV,2021-01-27 02:49:47,14.8961,-24.4956,295.76,70,0,1.58
232,Busselton,AU,2021-01-27 02:43:48,-33.65,115.3333,294.26,54,1,4.02
233,Bakchar,RU,2021-01-27 02:49:48,57.0186,82.0711,260.57,95,100,3.68
234,Bowen,AU,2021-01-27 02:49:48,-20.0167,148.2333,303.15,70,40,5.66
235,Aswan,EG,2021-01-27 02:49:49,24.0934,32.907,285.36,47,0,2.21
236,Komsomolskiy,UZ,2021-01-27 02:49:49,40.4272,71.7189,267.15,79,11,2.06
237,Neryungri,RU,2021-01-27 02:49:50,56.6709,124.6491,237.28,79,100,4.8
238,Pevek,RU,2021-01-27 02:49:50,69.7008,170.3133,238.93,85,28,1.44
239,Bayburt,TR,2021-01-27 02:49:50,40.2589,40.2278,265.74,88,100,1.38
240,Mattoon,US,2021-01-27 02:49:50,39.4831,-88.3728,272.15,86,90,4.63
241,Hamilton,US,2021-01-27 02:49:25,39.1834,-84.5333,275.37,75,90,6.69
242,Pampierstad,ZA,2021-01-27 02:49:51,-27.7832,24.6877,293.78,82,100,4.57
243,Arlit,NE,2021-01-27 02:49:51,18.7369,7.3853,288.8,23,0,2.74
244,Mogadishu,SO,2021-01-27 02:49:51,2.0371,45.3438,297.11,87,42,6.92
245,Roxana,CR,2021-01-27 02:49:51,10.2753,-83.7513,291.48,58,0,3.13
246,Belyy Yar,RU,2021-01-27 02:49:52,53.6039,91.3903,244.15,69,40,0.8
247,Singarayakonda,IN,2021-01-27 02:49:52,15.25,80.0333,295.99,74,97,1.51
248,Abu Samrah,SY,2021-01-27 02:49:52,35.3029,37.1841,280.57,57,100,2.46
249,Neiafu,TO,2021-01-27 02:49:52,-18.65,-173.9833,298.15,88,75,6.17
250,Vinga,RO,2021-01-27 02:49:53,46.0167,21.2,270.37,86,0,2.57
251,Maun,BW,2021-01-27 02:49:53,-19.9833,23.4167,293.53,93,100,2.24
252,Raudeberg,NO,2021-01-27 02:49:53,61.9875,5.1352,271.48,93,52,4.63
253,Saldanha,ZA,2021-01-27 02:45:02,-33.0117,17.9442,290.15,82,3,4.12
254,Mehamn,NO,2021-01-27 02:49:54,71.0357,27.8492,269.1,95,100,11.93
255,Oranjemund,NA,2021-01-27 02:45:05,-28.55,16.4333,289.81,90,77,6.01
256,Ekhabi,RU,2021-01-27 02:49:54,53.5102,142.9671,257.47,94,100,4.47
257,Atar,MR,2021-01-27 02:46:13,20.5169,-13.0499,292.08,22,0,3.54
258,Chalon-Sur-Saone,FR,2021-01-27 02:49:54,46.7833,4.85,274.26,87,87,2.24
259,Kulhudhuffushi,MV,2021-01-27 02:49:55,6.6221,73.07,300.09,59,100,2.76
260,Verkhnevilyuysk,RU,2021-01-27 02:49:55,63.4453,120.3167,229.45,77,74,1.94
261,Nemuro,JP,2021-01-27 02:49:55,43.3236,145.575,272.15,100,90,4.12
262,Egvekinot,RU,2021-01-27 02:49:54,66.3167,-179.1667,247.27,88,85,5.15
263,Usinsk,RU,2021-01-27 02:49:16,65.9939,57.5281,245.73,84,100,7.51
264,Olinda,BR,2021-01-27 02:49:31,-8.0089,-34.8553,296.15,88,75,3.6
265,Zhangjiakou,CN,2021-01-27 02:46:31,40.81,114.8794,268.31,79,72,0.88
266,Baykit,RU,2021-01-27 02:49:56,61.67,96.37,230.97,73,64,1.19
267,Hofn,IS,2021-01-27 02:49:57,64.2539,-15.2082,269.65,89,99,11.6
268,Ipora,BR,2021-01-27 02:49:57,-16.4419,-51.1178,294.45,88,100,0.82
269,Port Elizabeth,ZA,2021-01-27 02:49:57,-33.918,25.5701,293.15,94,0,4.63
270,Murgab,TM,2021-01-27 02:49:57,37.4966,61.9714,271.15,80,0,2.06
271,Leh,IN,2021-01-27 02:49:58,34.1667,77.5833,255.78,62,0,0.58
272,Ilulissat,GL,2021-01-27 02:49:58,69.2167,-51.1,256.3,92,97,1.48
273,Bachaquero,VE,2021-01-27 02:49:58,9.9694,-71.1494,300.24,71,1,2.96
274,Formosa,AR,2021-01-27 02:49:59,-26.1775,-58.1781,297.15,100,90,2.39
275,Wharton,US,2021-01-27 02:49:59,29.3116,-96.1027,292.15,52,75,2.06
276,Carutapera,BR,2021-01-27 02:45:27,-1.195,-46.02,298.72,86,100,2.33
277,Senneterre,CA,2021-01-27 02:49:59,48.3835,-77.2328,261.15,92,90,4.12
278,Kununurra,AU,2021-01-27 02:49:59,-15.7667,128.7333,300.15,100,100,3.09
279,Sucre,BO,2021-01-27 02:50:00,-19.0333,-65.2627,287.59,76,41,0.58
280,Blagoyevo,RU,2021-01-27 02:50:00,63.3667,47.9167,268.87,98,95,2.77
281,Toora-Khem,RU,2021-01-27 02:50:00,52.4675,96.11,247.82,85,94,0.9
282,Mizdah,LY,2021-01-27 02:50:00,31.4451,12.9801,279.36,72,0,3.34
283,Konotop,UA,2021-01-27 02:50:01,51.2403,33.2026,272.57,94,100,3.97
284,Bereznehuvate,UA,2021-01-27 02:50:01,47.3078,32.8499,274.49,94,100,7.75
285,Bijawar,IN,2021-01-27 02:50:01,24.6333,79.5,284.07,44,0,0.75
286,Santos Reyes Nopala,MX,2021-01-27 02:45:13,16.1092,-97.1561,293.17,77,0,0.99
287,Cockburn Town,TC,2021-01-27 02:47:02,21.4612,-71.1419,297.24,80,16,8.79
288,Port Hardy,CA,2021-01-27 02:50:00,50.6996,-127.4199,280.15,65,75,11.83
289,Padang,ID,2021-01-27 02:50:02,-0.9492,100.3543,302.15,70,20,1.54
290,Severo-Kurilsk,RU,2021-01-27 02:50:03,50.6789,156.125,269.8,95,82,10.02
291,Geri,CY,2021-01-27 02:50:03,35.1,33.4167,285.15,81,75,2.57
292,Ordynskoye,RU,2021-01-27 02:50:03,54.3656,81.8994,269.85,97,100,6.97
293,Namibe,AO,2021-01-27 02:50:04,-15.1961,12.1522,296.86,77,3,2.92
294,Manzhouli,CN,2021-01-27 02:50:04,49.6,117.4333,249.92,87,83,5.71
295,Los Llanos De Aridane,ES,2021-01-27 02:50:04,28.6585,-17.9182,290.15,82,0,4.63
296,Fuyang,CN,2021-01-27 02:50:04,32.9,115.8167,281.25,70,58,3.25
297,Tyup,KG,2021-01-27 02:50:05,42.7276,78.3648,264.97,79,0,1.13
298,Coquimbo,CL,2021-01-27 02:49:03,-29.9533,-71.3436,290.15,82,90,3.09
299,Balagansk,RU,2021-01-27 02:50:05,54.0103,103.0544,243.35,85,8,1.07
300,Broken Hill,AU,2021-01-27 02:49:21,-31.95,141.4333,298.15,47,92,6.69
301,Ballina,AU,2021-01-27 02:50:06,-28.8667,153.5667,305.15,61,0,7.2
302,Ostrovnoy,RU,2021-01-27 02:50:06,68.0531,39.5131,258.7,93,100,6.5
303,Kahului,US,2021-01-27 02:45:38,20.8947,-156.47,301.15,51,40,9.77
304,San Patricio,US,2021-01-27 02:50:06,28.017,-97.5169,294.15,100,90,4.63
305,Maragogi,BR,2021-01-27 02:50:06,-9.0122,-35.2225,297.93,85,88,3.9
306,Verkh-Usugli,RU,2021-01-27 02:50:07,52.7,115.1667,251.43,84,100,2.73
307,Nirmal,IN,2021-01-27 02:50:07,19.1,78.35,295.77,49,12,1.8
308,Mahajanga,MG,2021-01-27 02:49:51,-15.7167,46.3167,298.86,82,68,2.65
309,Kavaratti,IN,2021-01-27 02:50:07,10.5669,72.642,300.08,73,79,6.83
310,Savannah Bight,HN,2021-01-27 02:50:08,16.45,-85.85,299.82,89,0,1.34
311,Nome,US,2021-01-27 02:50:08,64.5011,-165.4064,262.15,85,90,0.58
312,Havre-Saint-Pierre,CA,2021-01-27 02:49:18,50.2334,-63.5986,269.15,68,1,4.12
313,Touba,CI,2021-01-27 02:50:09,8.2833,-7.6833,295.25,24,0,1.17
314,Mayor Pablo Lagerenza,PY,2021-01-27 02:50:09,-19.9309,-60.7718,297.64,83,100,2.29
315,Saint-Georges,GD,2021-01-27 02:47:48,12.0564,-61.7485,299.15,78,20,4.12
316,Alikalia,SL,2021-01-27 02:50:09,9.1667,-11.4,291.08,84,0,0.82
317,Port Hedland,AU,2021-01-27 02:45:42,-20.3167,118.5667,313.15,11,46,5.66
318,Shuangyang,CN,2021-01-27 02:45:42,43.5242,125.6736,261.15,52,0,5.0
319,Severnoye,RU,2021-01-27 02:50:10,56.3491,78.3619,270.57,98,100,6.37
320,Vardo,NO,2021-01-27 02:50:10,70.3705,31.1107,269.22,95,100,12.46
321,Dahegam,IN,2021-01-27 02:50:10,23.1667,72.8167,285.15,54,0,3.6
322,Kutum,SD,2021-01-27 02:49:56,14.2,24.6667,285.68,34,31,1.3
323,Juneau,US,2021-01-27 02:50:11,58.3019,-134.4197,268.15,50,20,3.6
324,Eureka,US,2021-01-27 02:50:08,40.8021,-124.1637,278.15,90,100,4.47
325,Longyearbyen,SJ,2021-01-27 02:50:11,78.2186,15.6401,259.15,56,0,7.72
326,Apache Junction,US,2021-01-27 02:50:12,33.4151,-111.5496,281.15,57,40,2.06
327,Skelleftea,SE,2021-01-27 02:50:12,64.7507,20.9528,265.15,93,90,3.6
328,Coroico,BO,2021-01-27 02:50:12,-16.1889,-67.7271,281.15,39,75,3.6
329,Te Anau,NZ,2021-01-27 02:48:25,-45.4167,167.7167,289.75,91,75,3.79
330,Livingston,GB,2021-01-27 02:48:08,55.9029,-3.5226,276.48,100,90,2.5
331,Lima,PE,2021-01-27 02:38:26,-12.0432,-77.0282,296.48,87,100,0.89
332,Umm Kaddadah,SD,2021-01-27 02:50:13,13.6017,26.6876,291.17,25,0,5.73
333,Majene,ID,2021-01-27 02:50:13,-3.5403,118.9707,303.74,59,100,4.46
334,Hailar,CN,2021-01-27 02:50:14,49.2,119.7,250.37,89,70,4.05
335,Grindsted,DK,2021-01-27 02:50:14,55.754,8.9123,275.93,100,75,2.06
336,Klaksvik,FO,2021-01-27 02:46:23,62.2266,-6.589,273.15,86,69,3.6
337,Lakselv,NO,2021-01-27 02:50:14,70.0513,24.9718,262.15,85,90,1.54
338,Antalaha,MG,2021-01-27 02:50:15,-14.9003,50.2788,296.82,86,41,1.74
339,Casma,CL,2021-01-27 02:50:15,-41.0082,-73.1244,287.15,93,40,0.51
340,Mount Isa,AU,2021-01-27 02:50:15,-20.7333,139.5,307.15,40,40,3.6
341,Atherton,GB,2021-01-27 02:50:15,53.5237,-2.4935,281.48,90,66,1.79
342,Dunedin,NZ,2021-01-27 02:49:13,-45.8742,170.5036,295.87,46,100,7.46
343,Aklavik,CA,2021-01-27 02:50:16,68.2191,-135.0107,250.15,77,100,2.06
344,Salinas,US,2021-01-27 02:45:46,36.6777,-121.6555,284.15,54,90,3.09
345,Kieta,PG,2021-01-27 02:50:16,-6.2167,155.6333,303.03,71,100,4.98
346,Ponta Do Sol,PT,2021-01-27 02:50:17,32.6667,-17.1,290.15,77,75,2.06
347,Kabalo,CD,2021-01-27 02:50:17,-6.05,26.9167,293.33,96,96,1.07
348,Stornoway,GB,2021-01-27 02:50:17,58.2093,-6.3865,278.15,81,75,3.6
349,Flinders,AU,2021-01-27 02:49:48,-34.5833,150.8552,292.59,95,100,0.89
350,Sharjah,AE,2021-01-27 02:48:19,25.3573,55.4033,290.15,88,0,2.57
351,Asau,RO,2021-01-27 02:50:18,46.4333,26.4,273.15,47,100,2.95
352,Alpena,US,2021-01-27 02:50:18,45.0617,-83.4327,267.59,73,90,4.63
353,Mvuma,ZW,2021-01-27 02:50:18,-19.2792,30.5283,288.25,95,11,2.66
354,Waremme,BE,2021-01-27 02:50:18,50.6979,5.256,274.26,93,75,6.17
355,Annau,TM,2021-01-27 02:49:01,37.8876,58.516,270.15,93,10,1.03
356,Voka,EE,2021-01-27 02:50:19,59.3997,27.5817,273.21,98,94,3.21
357,Snezhnogorsk,RU,2021-01-27 02:50:19,69.1933,33.2531,264.15,86,75,3.0
358,Tazovskiy,RU,2021-01-27 02:50:19,67.4667,78.7,238.92,85,100,3.27
359,Kikwit,CD,2021-01-27 02:50:20,-5.041,18.8162,294.05,94,94,0.26
360,Hai Duong,VN,2021-01-27 02:50:04,20.9333,106.3167,293.15,88,75,2.57
361,Koshurnikovo,RU,2021-01-27 02:50:20,54.1667,93.3,247.74,90,100,1.83
362,Sao Miguel Do Araguaia,BR,2021-01-27 02:46:54,-13.275,-50.1628,296.59,85,93,1.3
363,Kijabe,KE,2021-01-27 02:50:21,-0.933,36.5758,283.71,65,1,1.45
364,Vitim,RU,2021-01-27 02:50:21,59.4511,112.5578,237.3,79,100,0.22
365,Kitimat,CA,2021-01-27 02:50:21,54.0524,-128.6534,269.15,74,20,8.75
366,Jhinjhak,IN,2021-01-27 02:50:21,26.5667,79.7333,283.76,61,0,2.31
367,Inirida,CO,2021-01-27 02:50:22,3.8653,-67.9239,296.16,91,19,0.88
368,Tahta,EG,2021-01-27 02:50:22,26.7693,31.5021,281.15,65,0,3.09
369,La Ronge,CA,2021-01-27 02:50:22,55.1001,-105.2842,243.15,76,16,1.03
370,Homer,US,2021-01-27 02:49:44,59.6425,-151.5483,270.15,68,1,3.6
371,Dimapur,IN,2021-01-27 02:50:23,25.9,93.7333,291.74,61,0,1.55
372,Berlevag,NO,2021-01-27 02:46:23,70.8578,29.0864,269.2,95,100,12.43
373,Port Augusta,AU,2021-01-27 02:50:23,-32.5,137.7667,302.04,50,28,3.6
374,Moranbah,AU,2021-01-27 02:50:23,-22.0016,148.0466,307.11,31,0,7.04
375,Takoradi,GH,2021-01-27 02:50:24,4.8845,-1.7554,298.61,87,31,2.78
376,Marsh Harbour,BS,2021-01-27 02:50:24,26.5412,-77.0636,296.7,84,40,3.74
377,Erzin,TR,2021-01-27 02:50:24,36.9559,36.2,283.15,57,100,4.02
378,Waipawa,NZ,2021-01-27 02:50:24,-41.4122,175.5153,296.15,64,0,9.77
379,Bardiyah,LY,2021-01-27 02:49:53,31.7561,25.0865,288.01,53,10,9.61
380,Qasigiannguit,GL,2021-01-27 02:50:25,68.8193,-51.1922,254.96,88,45,1.42
381,Vilhena,BR,2021-01-27 02:50:25,-12.7406,-60.1458,294.19,95,78,1.34
382,Brejinho,BR,2021-01-27 02:50:25,-6.1908,-35.3567,299.15,78,20,4.63
383,Manaure,CO,2021-01-27 02:50:26,11.7751,-72.4445,298.88,73,0,9.02
384,Nova Olinda Do Norte,BR,2021-01-27 02:50:26,-3.8881,-59.0942,296.66,97,100,0.78
385,Lagoa,PT,2021-01-27 02:50:26,39.05,-27.9833,289.61,85,33,11.65
386,Cidreira,BR,2021-01-27 02:49:22,-30.1811,-50.2056,297.5,88,100,2.21
387,Kaga,JP,2021-01-27 02:50:26,36.2997,136.3145,284.15,76,75,5.14
388,Sokoni,TZ,2021-01-27 02:50:27,-6.4333,39.55,299.62,81,2,3.84
389,Lithakia,GR,2021-01-27 02:50:27,37.7167,20.8333,281.15,66,15,7.72
390,Galveston,US,2021-01-27 02:50:27,29.3669,-94.9669,292.04,88,90,3.09
391,Spassk,RU,2021-01-27 02:50:28,52.747,87.7545,260.16,93,100,1.99
392,Challapata,BO,2021-01-27 02:50:28,-18.9,-66.7667,281.02,55,9,2.2
393,Voyinka,UA,2021-01-27 02:50:28,45.8699,33.9914,283.14,79,100,5.29
394,Branistea,RO,2021-01-27 02:50:28,44.6833,25.5833,273.71,100,90,1.03
395,Zhiryatino,RU,2021-01-27 02:50:28,53.2228,33.7306,274.15,69,75,10.0
396,Kijang,KR,2021-01-27 02:50:29,35.2442,129.2139,281.15,36,0,5.14
397,Saryg-Sep,RU,2021-01-27 02:50:29,51.5,95.6,249.38,87,100,0.78
398,Plettenberg Bay,ZA,2021-01-27 02:50:29,-34.0527,23.3716,292.93,84,75,2.39
399,Cambridge,CA,2021-01-27 02:47:21,43.3601,-80.3127,269.15,80,90,3.6
400,Arica,CL,2021-01-27 02:47:02,-18.475,-70.3042,293.15,83,0,1.03
401,Samarai,PG,2021-01-27 02:50:30,-10.6167,150.6667,303.1,64,75,1.27
402,Nyurba,RU,2021-01-27 02:50:30,63.2842,118.3319,230.12,77,50,1.23
403,Malindi,KE,2021-01-27 02:49:43,-3.2175,40.1191,297.13,86,24,1.17
404,Geraldton,AU,2021-01-27 02:50:30,-28.7667,114.6,295.92,62,45,7.89
405,Gamba,GA,2021-01-27 02:50:31,-2.65,10.0,298.0,91,100,2.52
406,Tandalti,SD,2021-01-27 02:49:26,13.0167,31.8667,294.85,27,0,4.95
407,Victoria,HK,2021-01-27 02:49:04,22.2855,114.1577,293.15,73,28,0.45
408,Kuala Terengganu,MY,2021-01-27 02:50:31,5.3302,103.1408,298.15,94,40,2.06
409,Verkhnyaya Salda,RU,2021-01-27 02:50:32,58.0456,60.5533,264.74,96,66,4.24
410,Izvestkovyy,RU,2021-01-27 02:50:32,48.9833,131.55,256.11,77,52,3.97
411,Barra Da Estiva,BR,2021-01-27 02:50:32,-13.6261,-41.3269,289.34,98,85,1.97
412,Morondava,MG,2021-01-27 02:50:32,-20.2833,44.2833,300.27,81,100,2.92
413,Neutraubling,DE,2021-01-27 02:50:33,48.9833,12.2,273.15,90,100,0.89
414,Sukkur,PK,2021-01-27 02:50:33,27.7052,68.8574,279.15,87,0,2.13
415,Teya,RU,2021-01-27 02:50:33,60.3778,92.6267,237.21,77,100,1.8
416,Valera,VE,2021-01-27 02:50:34,9.3178,-70.6036,294.44,62,12,1.91
417,Devonport,AU,2021-01-27 02:50:34,-41.1667,146.35,293.71,45,0,3.15
418,Vysokogornyy,RU,2021-01-27 02:50:34,50.1167,139.15,262.21,93,100,0.56
419,Youghal,IE,2021-01-27 02:50:34,51.95,-7.8506,282.59,100,75,3.6
420,Forssa,FI,2021-01-27 02:50:35,60.8146,23.6215,271.48,94,100,1.34
421,Olot,ES,2021-01-27 02:50:35,42.181,2.4901,278.71,93,20,1.41
422,Blenheim,NZ,2021-01-27 02:50:35,-41.516,173.9528,308.71,26,0,0.45
423,Chunskiy,RU,2021-01-27 02:50:35,56.0815,99.6342,243.92,87,91,1.29
424,Batie,BF,2021-01-27 02:50:35,9.8833,-2.9167,294.9,22,4,2.69
425,Meulaboh,ID,2021-01-27 02:50:36,4.1363,96.1285,300.81,72,98,1.31
426,Kilindoni,TZ,2021-01-27 02:50:36,-7.9139,39.6668,299.98,80,1,3.68
427,Payakumbuh,ID,2021-01-27 02:50:36,-0.2202,100.6308,300.65,58,90,1.02
428,Puerto Del Rosario,ES,2021-01-27 02:50:36,28.5004,-13.8627,292.15,82,90,6.17
429,Nouadhibou,MR,2021-01-27 02:50:37,20.931,-17.0347,290.15,82,0,8.23
430,Tsuruga,JP,2021-01-27 02:50:37,35.6455,136.0558,285.93,60,47,1.34
431,Rodrigues Alves,BR,2021-01-27 02:50:37,-7.738,-72.6509,296.51,95,99,0.77
432,Port-Cartier,CA,2021-01-27 02:50:37,50.0334,-66.8654,272.15,69,51,3.09
433,Laguna,US,2021-01-27 02:50:38,38.421,-121.4238,282.59,53,90,11.83
434,Isla Mujeres,MX,2021-01-27 02:50:38,21.2311,-86.731,299.82,84,17,5.81
435,North Myrtle Beach,US,2021-01-27 02:50:38,33.816,-78.68,289.26,100,90,3.6
436,Veraval,IN,2021-01-27 02:50:39,20.9,70.3667,291.32,30,0,4.82
437,Kholodnyy,RU,2021-01-27 02:50:39,62.7167,147.95,245.96,84,100,0.22
438,Zakamensk,RU,2021-01-27 02:50:39,50.3741,103.2863,246.89,79,99,0.95
439,Becerril,CO,2021-01-27 02:50:39,9.7041,-73.2793,298.68,59,15,2.98
440,Ayagoz,KZ,2021-01-27 02:50:40,47.9714,80.4392,258.44,90,100,1.34
441,Dingle,PH,2021-01-27 02:49:34,10.9995,122.6711,301.01,78,96,5.77
442,Talakan,RU,2021-01-27 02:50:40,50.3167,130.3667,252.39,84,94,3.32
443,Shelby,US,2021-01-27 02:50:40,35.2001,-89.8668,281.48,76,20,4.63
444,Bathsheba,BB,2021-01-27 02:50:40,13.2167,-59.5167,298.15,73,20,7.2
445,San Agustin Acasaguastlan,GT,2021-01-27 02:50:41,14.95,-89.9667,289.26,78,4,2.68
446,Celestun,MX,2021-01-27 02:50:41,20.8667,-90.4,300.36,65,45,6.11
447,Ulcinj,ME,2021-01-27 02:50:41,41.9294,19.2244,278.15,38,0,4.63
448,Borgo San Lorenzo,IT,2021-01-27 02:50:41,43.9553,11.3835,274.26,86,0,0.51
449,Marsa Matruh,EG,2021-01-27 02:50:42,31.3525,27.2453,287.15,38,0,6.69
450,Ponta Delgada,PT,2021-01-27 02:50:42,37.7333,-25.6667,290.37,94,75,9.77
451,San Antonio,US,2021-01-27 02:49:49,29.4241,-98.4936,292.15,37,1,2.57
452,Duobao,CN,2021-01-27 02:50:42,30.67,112.6895,280.93,81,96,1.89
453,Cabinda,AO,2021-01-27 02:46:19,-5.55,12.2,298.61,85,99,2.18
454,Ternate,ID,2021-01-27 02:50:43,0.8,127.4,301.94,64,98,1.73
455,Polovinnoye,RU,2021-01-27 02:50:43,54.7914,65.9864,268.31,96,100,4.98
456,Oktyabrskoye,RU,2021-01-27 02:50:43,43.0645,44.7417,269.15,86,74,3.0
457,Tomatlan,MX,2021-01-27 02:50:43,19.9333,-105.25,291.45,78,37,1.07
458,Alofi,NU,2021-01-27 02:49:54,-19.0595,-169.9187,300.15,83,90,4.12
459,Montelibano,CO,2021-01-27 02:50:44,7.9829,-75.4229,298.65,80,84,4.66
460,Neka,IR,2021-01-27 02:48:16,36.6508,53.299,279.28,62,0,1.66
461,Sao Joao Da Barra,BR,2021-01-27 02:46:04,-21.6403,-41.0511,298.35,83,92,8.69
462,Touros,BR,2021-01-27 02:50:45,-5.1989,-35.4608,299.08,80,39,6.11
463,General Roca,AR,2021-01-27 02:50:36,-39.0333,-67.5833,296.15,27,0,3.6
464,Bestobe,KZ,2021-01-27 02:50:45,52.4994,73.0975,268.21,96,54,6.82
465,Karratha,AU,2021-01-27 02:50:45,-20.7377,116.8463,310.74,14,0,2.66
466,Bahia Honda,CU,2021-01-27 02:50:45,22.9036,-83.1592,295.18,89,4,1.62
467,Susehri,TR,2021-01-27 02:50:46,40.1644,38.0867,272.69,87,98,2.92
468,Christchurch,NZ,2021-01-27 02:50:46,-43.5333,172.6333,307.15,18,3,8.23
469,Husavik,IS,2021-01-27 02:50:46,66.0449,-17.3389,262.15,85,0,1.83
470,Necochea,AR,2021-01-27 02:50:47,-38.5473,-58.7368,292.04,83,100,4.93
471,Jabinyanah,TN,2021-01-27 02:50:47,35.035,10.9081,279.15,61,20,1.54
472,Faya,SA,2021-01-27 02:50:47,18.3851,42.4509,283.15,57,0,1.11
473,Den Helder,NL,2021-01-27 02:50:47,52.9599,4.7593,276.15,87,90,8.23
474,La Palma,US,2021-01-27 02:50:48,33.8464,-118.0467,284.26,50,1,1.54
475,Praia Da Vitoria,PT,2021-01-27 02:50:48,38.7333,-27.0667,289.26,92,97,4.47
476,Itupiranga,BR,2021-01-27 02:50:48,-5.1347,-49.3267,296.41,94,99,0.42
477,Mananjary,MG,2021-01-27 02:48:25,-21.2167,48.3333,297.22,90,29,3.37
478,Luganville,VU,2021-01-27 02:50:48,-15.5333,167.1667,300.03,82,100,4.0
479,Comodoro Rivadavia,AR,2021-01-27 02:50:49,-45.8667,-67.5,288.15,55,20,7.72
480,Westport,US,2021-01-27 02:50:17,41.1415,-73.3579,272.59,93,90,5.14
481,Kuytun,RU,2021-01-27 02:50:49,54.3419,101.5036,242.41,86,1,0.6
482,Isla Vista,US,2021-01-27 02:50:49,34.4133,-119.861,284.15,58,90,4.12
483,Calabozo,VE,2021-01-27 02:50:50,8.9242,-67.4293,299.17,57,9,3.44
484,Portland,US,2021-01-27 02:49:18,45.5234,-122.6762,276.48,87,90,11.32
485,Muravlenko,RU,2021-01-27 02:50:50,63.7898,74.523,238.88,85,16,5.15
486,Ramsgate,GB,2021-01-27 02:50:50,51.3358,1.4155,280.37,91,100,2.24
487,Santa Vitoria Do Palmar,BR,2021-01-27 02:50:51,-33.5189,-53.3681,295.56,92,100,5.12
488,Winneba,GH,2021-01-27 02:50:51,5.3511,-0.6231,300.15,89,75,5.14
489,Impfondo,CG,2021-01-27 02:50:51,1.6381,18.0667,296.6,80,96,1.28
490,Ugoofaaru,MV,2021-01-27 02:50:51,5.6667,73.0,300.53,60,100,4.37
491,Puerto Gaitan,CO,2021-01-27 02:50:51,4.3133,-72.0816,300.71,54,48,3.63
492,Safaga,EG,2021-01-27 02:50:52,26.7292,33.9365,285.15,58,0,2.57
493,Salalah,OM,2021-01-27 02:50:26,17.0151,54.0924,296.15,31,0,5.14
494,Scarborough,GB,2021-01-27 02:49:51,54.2797,-0.4044,275.37,94,100,0.89
495,Zhigansk,RU,2021-01-27 02:49:42,66.7697,123.3711,229.06,75,56,3.89
496,Marabba,SD,2021-01-27 02:50:53,12.35,32.1833,295.25,28,0,4.06
497,Tripoli,LY,2021-01-27 02:50:53,32.8752,13.1875,285.68,58,28,7.76
498,Bandarbeyla,SO,2021-01-27 02:50:53,9.4942,50.8122,295.31,78,30,6.91
499,Pangai,TO,2021-01-27 02:50:54,-19.8,-174.35,299.15,89,90,3.6
500,Bartica,GY,2021-01-27 02:50:54,6.4,-58.6167,297.15,88,75,4.12
501,Marienburg,PL,2021-01-27 02:50:54,54.0359,19.0266,273.71,100,100,5.0
502,Souillac,MU,2021-01-27 02:50:55,-20.5167,57.5167,295.15,88,20,3.6
503,Jasper,US,2021-01-27 02:50:55,37.2001,-94.3502,272.59,86,90,3.6
504,Mahebourg,MU,2021-01-27 02:50:55,-20.4081,57.7,295.15,88,20,3.6
505,Santa Rosa Del Sur,CO,2021-01-27 02:50:55,7.9644,-74.0544,296.06,70,98,1.38
506,Hvide Sande,DK,2021-01-27 02:50:56,56.0045,8.1294,275.93,82,100,6.15
507,Lienz,AT,2021-01-27 02:50:56,46.8289,12.769,269.82,91,9,2.78
508,Hobyo,SO,2021-01-27 02:50:56,5.3505,48.5268,297.91,77,64,8.3
509,Fairbanks,US,2021-01-27 02:48:43,64.8378,-147.7164,250.37,69,20,0.95
510,Horana,LK,2021-01-27 02:50:56,6.7166,80.0619,295.15,88,1,2.06
511,Kollegal,IN,2021-01-27 02:50:57,12.15,77.1167,292.15,82,38,0.58
512,Salinopolis,BR,2021-01-27 02:50:57,-0.6136,-47.3561,299.58,83,100,3.85
513,Methoni,GR,2021-01-27 02:50:57,36.8197,21.7049,281.48,76,3,7.2
514,Bar-Le-Duc,FR,2021-01-27 02:50:57,48.75,5.1667,276.15,70,0,3.6
515,Carauari,BR,2021-01-27 02:50:58,-4.8828,-66.8958,296.67,96,100,0.98
516,Qiongshan,CN,2021-01-27 02:50:58,20.0058,110.3542,292.15,100,75,4.0
517,Porto Novo,BJ,2021-01-27 02:50:58,6.4965,2.6036,301.15,83,40,3.6
518,North Bend,US,2021-01-27 02:50:40,43.4065,-124.2243,278.15,87,90,4.42
519,Mount Gambier,AU,2021-01-27 02:50:59,-37.8333,140.7667,293.15,42,40,8.75
520,Sayat,TM,2021-01-27 02:50:59,38.7839,63.8803,269.15,93,0,1.03
521,Mitsamiouli,KM,2021-01-27 02:50:59,-11.3847,43.2844,300.21,70,1,2.25
522,Trapani,IT,2021-01-27 02:50:59,37.8333,12.6667,284.82,46,77,3.58
523,Mae Sai,TH,2021-01-27 02:50:59,20.4335,99.8762,292.15,82,0,1.54
524,Narsaq,GL,2021-01-27 02:51:00,60.9167,-46.05,261.0,77,0,3.87
525,Beloha,MG,2021-01-27 02:51:00,-25.1667,45.05,295.85,94,99,2.65
526,Halifax,CA,2021-01-27 02:48:03,44.6453,-63.5724,273.15,86,100,2.06
527,Petropavlovsk-Kamchatskiy,RU,2021-01-27 02:51:00,53.0452,158.6483,273.15,43,100,10.0
528,Lao Cai,VN,2021-01-27 02:48:12,22.4833,103.95,295.35,67,77,1.19
529,Odweyne,SO,2021-01-27 02:51:01,9.4092,45.064,288.55,54,96,1.04
530,Channel-Port Aux Basques,CA,2021-01-27 02:51:01,47.5702,-59.1367,272.33,94,14,5.37
531,Ayan,RU,2021-01-27 02:51:01,56.45,138.1667,252.25,88,100,4.18
532,Cordoba,AR,2021-01-27 02:49:14,-31.4135,-64.1811,296.15,83,0,2.57
533,Stanislav,UA,2021-01-27 02:51:02,46.5691,32.1478,275.15,100,75,7.0
534,Hongjiang,CN,2021-01-27 02:51:02,27.11,109.9956,279.83,84,100,1.23
535,Tayu,ID,2021-01-27 02:51:02,-6.5397,111.0518,301.61,77,92,2.84
536,Champasak,LA,2021-01-27 02:51:03,14.75,106.0,298.15,65,0,1.03
537,Sergeyevka,KZ,2021-01-27 02:51:03,53.88,67.4158,267.04,96,100,5.28
538,Prince Rupert,CA,2021-01-27 02:51:03,54.3161,-130.3201,276.15,80,1,2.57
539,Heishan,CN,2021-01-27 02:51:04,41.6892,122.1128,266.91,67,8,2.08
540,Bulgan,MN,2021-01-27 02:51:04,48.8125,103.5347,250.6,82,5,2.05
541,Boralday,KZ,2021-01-27 02:51:04,43.3578,76.8594,264.25,89,0,0.16
542,San Ignacio,BZ,2021-01-27 02:51:05,17.1561,-89.0714,296.48,70,1,1.92
543,Jinxi,CN,2021-01-27 02:51:05,30.4323,116.2922,284.18,70,59,2.69
544,Yulara,AU,2021-01-27 02:49:36,-25.2406,130.9889,299.15,69,75,5.66
545,Akureyri,IS,2021-01-27 02:51:05,65.6835,-18.0878,262.15,85,0,1.38
546,Cumberland,US,2021-01-27 02:51:06,35.0502,-78.8664,285.93,94,90,2.06
547,Mansa,IN,2021-01-27 02:49:20,29.9833,75.3833,282.15,52,0,1.72
548,Amberley,US,2021-01-27 02:51:06,39.2048,-84.428,275.93,75,90,5.14
549,Zlobin,HR,2021-01-27 02:51:06,45.2924,14.6541,274.15,64,0,2.57
550,Bilma,NE,2021-01-27 02:51:07,18.6853,12.9164,289.82,21,0,3.93
551,Ambilobe,MG,2021-01-27 02:50:20,-13.2,49.05,296.4,94,71,1.15
552,Pithora,IN,2021-01-27 02:51:07,21.2667,82.5167,292.35,50,64,2.6
553,Koumac,NC,2021-01-27 02:51:07,-20.5667,164.2833,302.72,65,97,2.76
554,Bengkulu,ID,2021-01-27 02:51:08,-3.8004,102.2655,297.18,86,100,0.93
555,Mattru,SL,2021-01-27 02:51:08,7.6244,-11.8332,296.08,93,28,0.82
556,Port Hawkesbury,CA,2021-01-27 02:51:08,45.6169,-61.3485,272.04,93,75,3.08
557,Puerto Escondido,MX,2021-01-27 02:51:08,15.85,-97.0667,298.48,70,0,2.09
558,Smithers,CA,2021-01-27 02:51:09,54.7804,-127.1743,266.15,93,90,0.59
559,Santa Maria Del Oro,MX,2021-01-27 02:51:09,25.9333,-105.3667,282.73,38,100,3.51
560,Akhisar,TR,2021-01-27 02:51:09,38.9185,27.8401,283.82,83,100,5.51
561,Bambanglipuro,ID,2021-01-27 02:51:09,-7.95,110.2833,301.54,73,98,3.02
562,Chernyshevskiy,RU,2021-01-27 02:51:09,63.0128,112.4714,232.46,82,40,0.87
563,Irtyshskiy,RU,2021-01-27 02:51:10,58.3333,68.1333,268.29,98,96,3.43
564,Nantucket,US,2021-01-27 02:50:37,41.2835,-70.0995,273.71,100,90,4.12
565,Kongolo,CD,2021-01-27 02:51:10,-5.3833,27.0,293.32,95,99,0.72
566,Capao Da Canoa,BR,2021-01-27 02:51:11,-29.7456,-50.0097,297.79,85,100,2.31
567,Itarema,BR,2021-01-27 02:51:11,-2.9248,-39.9167,299.18,83,48,5.02
568,Caramay,PH,2021-01-27 02:51:11,10.1815,119.236,301.64,67,31,3.79
569,Creston,US,2021-01-27 02:51:12,41.0586,-94.3614,264.15,100,90,4.63
570,Bridgetown,BB,2021-01-27 02:51:12,13.1,-59.6167,298.15,73,20,7.2
571,Peniche,PT,2021-01-27 02:51:12,39.3558,-9.3811,288.15,95,98,4.02
572,Cabo Rojo,PR,2021-01-27 02:51:12,18.0866,-67.1457,297.04,94,2,3.38
573,Seymchan,RU,2021-01-27 02:51:13,62.8833,152.4333,241.51,82,100,1.53
574,Vila,PT,2021-01-27 02:51:13,42.0304,-8.1588,285.37,97,100,2.68
575,Palu,ID,2021-01-27 02:46:31,-0.8917,119.8707,304.25,52,100,1.41
576,Saint George,US,2021-01-27 02:51:14,37.1041,-113.5841,276.15,70,90,2.06
577,Gigmoto,PH,2021-01-27 02:49:10,13.7796,124.39,300.32,81,77,6.16
578,Carballo,ES,2021-01-27 02:51:14,43.213,-8.691,286.48,94,92,0.45
579,Ode,NG,2021-01-27 02:47:14,7.7899,5.7117,293.68,32,8,1.41
580,Jiayuguan,CN,2021-01-27 02:51:15,39.8167,98.3,266.91,76,50,2.77
581,Emerald,AU,2021-01-27 02:51:15,-23.5333,148.1667,307.59,40,0,2.06
582,Severnyy,RU,2021-01-27 02:51:15,50.677,36.5532,273.15,100,90,2.0
583,Najran,SA,2021-01-27 02:50:26,17.4924,44.1277,283.15,53,0,0.22
584,Mandalgovi,MN,2021-01-27 02:51:05,45.7625,106.2708,253.26,75,99,7.95
585,Keetmanshoop,NA,2021-01-27 02:51:16,-26.5833,18.1333,293.72,37,43,5.97
586,Andros Town,BS,2021-01-27 02:51:16,24.7,-77.7667,297.15,85,4,4.44
587,Lander,US,2021-01-27 02:49:53,42.833,-108.7307,264.15,79,1,1.54
588,Segezha,RU,2021-01-27 02:51:16,63.7415,34.3222,273.04,99,100,3.51
589,Teguldet,RU,2021-01-27 02:50:19,57.3064,88.1667,250.25,90,100,3.96
590,Buraydah,SA,2021-01-27 02:51:17,26.326,43.975,283.15,66,0,3.51
